"country","total_items","total_revenue","total_cost","total_profit","avg_margin"
"United States","9572","21409707.91","9849041.94","11560671.65","0.50404329483951462869"
"United Kingdom","1858","4580549.17","2104752.33","2475797.79","0.50518851066882348371"
"Canada","1792","4099557.81","1867298.68","2232260.26","0.50558288363543547370"
"Germany","1818","3954634.59","1811576.35","2143059.25","0.50699310726222469562"
"Australia","992","2228138.42","1016798.66","1211340.32","0.50999819981263169127"
"Netherlands","685","1483073.37","672285.49","810788.22","0.50773992519376858482"
"France","540","1176757.38","546977.35","629780.31","0.50698089706437687288"
"Italy","482","1178377.96","553582.90","624795.37","0.49736277737760530150"
